account,userType,tokenAmount,blocks,percent
XIZCY3573263C5N5KS7BTZGB2AM2GDMKHGTWXDHS4VB4L77E3V6LAEFRYA,node,95668146334,50,0.007653451706719731
QMVOVBS3XVVTYAWJRBKV6PJE3ARU2JAQKVBFQHKMAMJEJP5J5JVJN5C4JY,node,103321598041,54,0.008265727843257308
XM4ZODSANMIBBY6P6QJO65BCRLNTFTLMLI7UTDO7OLS4N2ABB72WJXI3NE,node,99494872187,52,0.007959589774988519
MSWW5DDV5OE3IKHOR5KTTYPDSTRUXIYL3BJL4ZDS6YV2KWF5SUOOVA6W6Q,node,82274605847,43,0.006581968467778968
FQBOAHRBYSCNQRYYDY2CJXM4YJ65J2M4PQME7C7ZMY24SVNU2XFPQSKZY4,node,95668146334,50,0.007653451706719731
RCTDIDXBAS2TIAYQZOFJTCIXD5HRANYJH2CBBMEPSYQ37IZZOHTZNDESQY,node,84187968774,44,0.006735037501913363
NVZ4JBXBFOVR3R5XSKYGAUNXHEJ5V6TAYYFDGCMMV6RINWSQBJ5WSGEOMA,node,99494872187,52,0.007959589774988519
XAFITVEYRC475CMIFAMGA76SO3MLYTKYEFB5HD5MPQUYJRE35CQMF43HWU,node,109061686821,57,0.008724934945660493
AAUFU2JX5HVJKIKMEYRM7RIZB6QE3YU3JULCX3SCP3MWXCA3MB7JCRHYHY,node,82274605847,43,0.006581968467778968
4NDEJKMLZEY276DZSHT2WD67L5QQE2ZHX2UQAZ2N5N2HMLHDCNOPQAUM2Y,node,124368590234,65,0.00994948721873565
6X5PCGELDAF2A7HL2D4Y6LXRP5VGOLC5FP4RLSR2FFNONYZGJA3URXXNSA,node,91841420481,48,0.007347313638450942
OFDX2SLOWN445RYTR24K6B4UQ4KU3ZT7G63ZUZRICICEPD52SBHPZLG32Q,node,89928057554,47,0.007194244604316547
7WO47R4XY5TIO3YP4KFK7RU6Z72YL5VPPIOM2P5NNFH6YFYLQZVVJWMJFI,node,91841420481,48,0.007347313638450942
AUSTSGSNXEGTUD3TIO7ORZADRB5BPAMHKMHQXGLWONMSJNZEP42XCHMVOI,node,95668146334,50,0.007653451706719731
CAPLHTQEZTJKJT64G5326IHHEHISYEYHDH44VR34YP3OUJ2O56L6TSONMA,node,91841420481,48,0.007347313638450942
6Q74W36WN35KYKWJ3TLYZKG7AVKTUQQPKF3URGFFQY4NMUWVHCDL53GRFY,node,116715138527,61,0.009337211082198071
XMU47TKW2UJOIF3PAMPF5UNJXSXVPUX53F66FHTQJQHMT6EV4FY5VVA6H4,node,97581509261,51,0.007806520740854125
N6AHTV6CXJZSUHU6VBZOT37ATLUIGR3IBBBPQHCFJSH5WOOAJVJDOGPSJM,node,112888412674,59,0.009031073013929282
I7NF5EWAUHZGFGVR4BNWST6DKWXRFWMJENGC3THJOXNTA6CB7SXAZENWTY,node,88014694627,46,0.007041175570182153
UIOFPPIDQ7NBDP74BI5RS6E32LWPK7XFPUTDDS5JUXXENZWKY4IRYJODKE,node,95668146334,50,0.007653451706719731
SGWIY4Z7IL7UHAVIIMVPZSOZMQPYFZRD3JDVIFNR4GHRZJTEACVAU6PXTQ,node,110975049747,58,0.008878003979794888
WD6M4AZPEUXJQGO6II2XH46Z3QFZYXRNRW5S33YHPN7TWKQT4474Z4QSGI,node,110975049747,58,0.008878003979794888
KM76LLMPQMQMOOAJ22OMXGA7Y4ACRXIX3Y4PRLSBV6JAAKJFEGJQOMDLEI,node,109061686821,57,0.008724934945660493
CLN2KRTZNH3N34G2232ZGGHRP7L2LV2INM55LTT77TPKQX6RQRC3PSX55A,node,93754783407,49,0.007500382672585336
DTHIRTEENUHXDHS7IZZBUPHXYWNT5TSSAAUX6NKTLJBR5ABOPTHNEA4DCU,node,72707791214,38,0.005816623297106995
C5NZ5SNL5EMOEVKFW3DS3DBG3FNMIYJAJY3U4I5SRCOXHGY33ML3TGHD24,node,112888412674,59,0.009031073013929282
SRFARKN5FMO7BI37VHUMKC7IQO6PLIE7UPJAJ3NBLER5RZZJ5LEHCUWFLI,node,103321598041,54,0.008265727843257308
HRBS5SLOFBXXSQRUHBSGH3E3R6PHSHVVUXY65POW3XHT7JOMPJF6T6KJA4,node,86101331701,45,0.006888106536047757
R7TBR3Y5QCM6Y2OPQP3BPNUQG7TLN75IOC2WTNRUKO4VPNSDQF52MZB4ZE,node,86101331701,45,0.006888106536047757
QIWYSUIDMMYHP3F2LRTWFPCADWXHCE26EMKITGOOP22WLKOCDG62CBYCUU,node,82274605847,43,0.006581968467778968
LBAMBLVEQTKMLUYIOHZR6USWVFWAZ477JMLEJNBVMG4KV5BYFXTTQASBNI,node,105234960967,55,0.008418796877391704
UPHSXCIIPEAQTZV5KSVG4AEHX3WWJEPGSBWTI2RDNJ3JBUCF5PIGOEXZDU,node,105234960967,55,0.008418796877391704
P5A53V6YD6IUY4DKQOO23L6JKFPTWQXYKEQBQBCC3NPDJPBFCTPITAVIYU,node,47834073167,25,0.0038267258533598654
G2OYAUKAEINBZ4YHUDYDDARZY3PXE7TBHN37ACIXHUPVIYWRHALO2I326E,node,91841420481,48,0.007347313638450942
OAM7BXJNQVBFJVPKK4RTHQMPWQJURF6B6YPXBIV7UV76EMGZUZDPV25F6I,node,103321598041,54,0.008265727843257308
BEEFEWNPV72AOTW6GG33HEIHEHTWPDR7KWMAK4ARNSD2MEJM4K526UEHY4,node,93754783407,49,0.007500382672585336
XQBFLQHVKRCPVGDBVPMW5GKVSTH4B32UCGTAWYPXEBGNPLIFXO5RFSYVOI,node,114801775601,60,0.009184142048063677
PEACET4BV4AIUMZT2EHXPI5PR6NT6HKPA2FNLOMS2NILIUKRPTYAGVG7IQ,node,114801775601,60,0.009184142048063677
GOJFYNMTLD65D3T42MY7DK6D3HFUTNV5LNAKEYIHZRG5JMCQYDVLEGH5QI,node,107148323894,56,0.008571865911526099
6D7KNVZAJXA525B7M6OIGPKQRV5V3TJANKJDPCGJM5CCTFRPIU6EOVNDGM,node,55487524874,29,0.004439001989897444
PAME3PYLJCMBY5UAPJHP6G4FROWEIRMWHYBNE2QPUTAWKQDFSGBB2JCQ5E,node,53574161947,28,0.0042859329557630495
VCHUNFSWFLDZ4ITV46I7OLKRGXWDGAW4VH2FTSIKVHJWRMAL6PES6VNIDA,node,105234960967,55,0.008418796877391704
ZVFJODKUHQCSFVGRJIF3CSU2AAU2AM56SQPIY24ODHP3ZQFVGPUPDCAFGQ,node,118628501454,62,0.009490280116332466
DNNRKF6EXIGIAA45LSXOU2IJXHLC4IXF6EP5AXBTE3VAZBWDS2PFQQMCSU,node,107148323894,56,0.008571865911526099
KLGULEOCWWU2JY7W6K3DSSLJEYDBNQYWZUAT5NEHFFBYOWKDOT63MCOU7Q,node,28700443900,15,0.0022960355120159193
BQI7ZFLD6GXZSUDFP6VXWZMRPI7XFMKVHCN7KIAP7DRGPLIOH4XDOEJHT4,node,7653451707,4,0.0006122761365375785
ZJH2W6EUELASJOUFBVFTROFGP3COVDPZTMBZHWRMTGEJYEHQVGAHMGWMUY,node,112888412674,59,0.009031073013929282
HJKZF4CUQRFQUUHR2O3YFBYKCCQIDU6A3JGBNKMAPWQ65LI2HUSYKC7EBM,node,110975049747,58,0.008878003979794888
4IIYAT5UPFR6NCN64XXSDMCFOCJQEZNXUCIT5ZOQ5HPDWVIULXMTSZDZEE,node,91841420481,48,0.007347313638450942
PIN57KE5EU7NKHERL4MDS46GJWNE6RPUH2SLQEK7BAXRKMZC3RLIGV5LO4,node,88014694627,46,0.007041175570182153
VOIUK3B5KQXVMVMYMLZOELHNABRKV27BP3CZRIK2ZCF7HEFP4F6APX76NM,node,95668146334,50,0.007653451706719731
LIVOIC24OM5PVF3YOTFWHYS3AVNAD4YYEMU76IQ63MGUBQIAFWDGRB4EDU,node,105234960967,55,0.008418796877391704
ORADHH6KFY7A6JUTVVH4SHVUY7MXDWPTROSXHMWVJMWUFS6IKO5KASYOYE,node,133935404868,70,0.010714832389407623
KQSGM2T2RO45NABKO6J7OZJXP2KWOENILIODDSIHZGI7AWMY6N4OHL7BCU,node,88014694627,46,0.007041175570182153
WBFLO2RNV7BGO3WJFCU3BEUH56KC4WOUHKEYQBXVBQIFSPKNSPYZBVETPI,node,101408235114,53,0.008112658809122915
6G7SOYVKKVG4BFK25F4GC6JV2RCLPOBMFCHC3L6XF6SDN7XHYRMDPVGCXE,node,124368590234,65,0.00994948721873565
HIAQW5UM36UFYYDDKJWZCXDAZ3O7KQOQJ6PB55X46MABVQBKJA73NBY4FM,node,91841420481,48,0.007347313638450942
3RWW7BCSMPMOIFQXVQMOYOTOO7OKKZ2SXHNKRPKJ657PJ5NS666KBVPNPM,node,109061686821,57,0.008724934945660493
ACP4CXBXEVEYH6LKZRFWF2HG3FEESIWJWTYBSTQELR7K46G3IHYFAPFX3E,node,86101331701,45,0.006888106536047757
LENSGH2LLBKUFJFE7RHERTGTKLZQAUZDNJHDCNHWVYWV2RFPETU72PMOEM,node,93754783407,49,0.007500382672585336
3NJCEVVDHE4URRLPZ5ENV3TZLAEGITRPVOR3FKKYG5ROLUY6CEAVO3VLRM,node,103321598041,54,0.008265727843257308
LNAFIFNIKKMZLMGVJ3QQJJ5MBK5ALIURNLGZQQLTJ42QPVWG6M22455UNU,node,76534517067,40,0.006122761365375784
2TCUW2NCFV3K6INURZPLB5FEUB4CUBGQPJLC6II7PXEUTB7IKS4YEEBDH4,node,114801775601,60,0.009184142048063677
GLG2ZIDZFIFYFNL73AIRZXAPLN3XH4ILXJX5XGXXQNA5JGDWTO6VZZSLPM,node,101408235114,53,0.008112658809122915
VOIJEDAO3FPOINI65JWXGCR3MI4QYXFWJ5ERATAF3DSWPO5RAVRQ4EV4NM,node,107148323894,56,0.008571865911526099
VOINOTFUHAR3NYQQHRP34DJ6KIJH3SFPCXUIXXU3IKWHHY6DY4WWJP44IM,node,95668146334,50,0.007653451706719731
MUTS5EI5IYSNNM2QDLNPBJ2NNRSRRMUC4S6OTCXM3JZMHUAJOSJT6YUKRA,node,110975049747,58,0.008878003979794888
VOIH4YG4VLOGXS5SRQSLTVPXLIC5TBM7KGOZ25IS5YQS2L67RBD2NZFHUE,node,53574161947,28,0.0042859329557630495
NORVOI324M6ME7ECXBOXAHWIYKV5EM335OGA7S6KVHBQFXXZ7FYVWIB2T4,node,86101331701,45,0.006888106536047757
GLOSSYXX5RTAPRAKN4VOMO3BWPKDXMRQ4FJO6DNEIF7BZC6W324VDMR5CY,node,105234960967,55,0.008418796877391704
JAAEBTA3R4CP5VGNGMLLQ57DLCQ2M5LKNGA3NI5FIHFQQWPV4E55NAK37E,node,103321598041,54,0.008265727843257308
UD5LOVE643WWV7CFQVMAYW6L5J6OW2ST3TTYYIKGDSRC3AEMFKV2RC667U,node,137762130721,72,0.011020970457676412
R45WPDWADHVPP2PW7BKJUX2YTSNZ5AWXBOEKGHXLN55BGZSZGWGSVS5V5E,node,107148323894,56,0.008571865911526099
ALGONAUTSPIUHDCX3SLFXOFDUKOE4VY36XV4JX2JHQTWJNKVBKPEBQACRY,node,97581509261,51,0.007806520740854125
AE7J2DFIHOUO4SEC5FYKVORIJGYIKV7JW5DQRL62TMCTGU3FZNYZZFQSSE,node,84187968774,44,0.006735037501913363
DJASBA6SCNC5HT463XRDONJ7W44HM4KXK7UB3TOF7ISZONSHG4YVTGTQWE,node,97581509261,51,0.007806520740854125
NL3NIBJBATMITPDMKNRILMGRQ3IM4BGX5ZGJSUXWFDLJQE73S2D4H36QKE,node,99494872187,52,0.007959589774988519
6KRT3WYH6YU2GSXKNU4J4DINEQRQ7G5F3TSVJ72MJCJ3DB3ONROKYZW35Q,node,105234960967,55,0.008418796877391704
ORORC4PHV2IE2QMWMC3UN6WKJSBYNN4JGWV47FQVWKDFPEZYIS5PEDZZIA,node,114801775601,60,0.009184142048063677
XQ4WJMJBBUSUAV3P53YGC7M5ZWDJI7S5IZWO334Z5GU7SN4Y6KZNUAQZBQ,node,84187968774,44,0.006735037501913363
UYN332CM6YTIPCT3PRHT52CYILSZLLNI2XJ6XIJYNDQE22PNPPXKSK4POE,node,82274605847,43,0.006581968467778968
KNG4OTV5X5VCBQBGJ3K4M65XNPBTYJCQ67LT4P25GWOZBW45WJPKJFQ36I,node,5740088780,3,0.00045920710240318386
VFR4XCDMAXMDL2EPK5E6XSQOETSXVD5EKIIDNWFWVNMRPC6G4LGH6AKSHY,node,110975049747,58,0.008878003979794888
5GQQRWZ2QSJNBHY76F2SMEDXFUGI2ZXDTHC6ULO5OYO7CRD27IYVC253DI,node,93754783407,49,0.007500382672585336
WAUEKBMVVAZPRPJCAG7XFBVQY3UDMMY2IBWR2G3YUV2FXSMGEGYWDFRCBI,node,82274605847,43,0.006581968467778968
6B7YP7LZICRVZCVMDHOXHX3MMRS5IS5UHY3CPXX6PZILMK2TXOAMCAXSFE,node,26787080974,14,0.0021429664778815248
PE7JOARGLQY7P4P3I3OPE4D4UH5FMWZHEN3VTVY3ORZTJJY3QISMV3DNOA,node,122455227308,64,0.009796418184601256
HAHARFG7KQP3DUXA55WRU6MJLNY4LPLVDHIYK3F45RDK4HHSNB2BJBPXAY,node,107148323894,56,0.008571865911526099
54I65DE4SBMBBQB7W54INEAQ6E6ZB2K7NVGCCS3C7J4I7CPB52HRGBR5DM,node,80361242921,42,0.0064288994336445734
VCY6QRZVJSFVYEUNTUJI342RHYYEQSFCJ3AQAWX7HAMEKW3FESEI4VCYBE,node,112888412674,59,0.009031073013929282
CUY4TINI2DHV333UUNGDMVD23RDY7LMGEB2ZP364OWVLAWY5UGXR53OVOI,node,72707791214,38,0.005816623297106995
BSLBJH3F7S3URBY2UJD3FPKPVXWJUDXHQTNWGOLRD3JPDSCKPOVXY7TLSE,node,82274605847,43,0.006581968467778968
ICPHQCX6RN56SNCPFBMEAODL6SUKOZO6NSZKK6JLKUZU5IYEJ5AFZLOYHM,node,63140976580,33,0.005051278126435022
QISLV5EOGIAKEWAKMEFKILKFFTOM75P7GUYJ32LLL7CE5S2WD725SN5NYI,node,24873718047,13,0.0019898974437471298
PINWUFIGWV7IK2YGC2KP4TOVQA2UMWM5GSTIKG5MHJUSPJ5DCHBNSPXJKE,node,101408235114,53,0.008112658809122915
TBKH6I4TIKO6OV35BBFB74SGPUGGPZ7QINKPNLSVG24OR5IUKHDIXHFDGM,node,114801775601,60,0.009184142048063677
CDNLM2BPHVPZYLG4WRFOZHJZPUHK53LQPOMEFNN23L7PXUDDCYM243IESE,node,97581509261,51,0.007806520740854125
STABLEBIDVRZ4NOB76MBUPRY5QDJEQBHNQW7TUQ3DHR4ZZ27AWZU3U6DVQ,node,99494872187,52,0.007959589774988519
RH556KVHEZMSDEFIHQQJJOIBFHVZZGYT2YTXF67A7LWMUR5EA6S524DGDQ,node,82274605847,43,0.006581968467778968
SS5CMWWAJOXEFNN5O6X675VSHK56ZHFDBOWGRRG3E4RI7V3IHICEYNMONE,node,126281953161,66,0.010102556252870045
YZAVCSLN7TWA3MNXHSPCGI2UBACDFVCTS6WMPNTBAKVMBBNPCUOVS2SKSA,node,89928057554,47,0.007194244604316547
VFKNUICBZAWC6SEUMJLHYOTXZOB74JPFC6VP2ED2MLLPZI64N3RXPHYV5Q,node,109061686821,57,0.008724934945660493
BSVFQL2I7YZWVRQ5THOPTXZXPUYOMYPXUGJUQLVZGQEEPJ27EUZCPEANDI,node,93754783407,49,0.007500382672585336
7V2WR2NL2POCFGMQBQ5Y375ABLUCMMU6DTMDQK22D4CLR3PBO25D6R55CA,node,103321598041,54,0.008265727843257308
ZPAOVODPZF4SNC6RJAIJVHDUY6MCIGUKE3UFJC46KRXP3URDEJSITZO5FA,node,78447879994,41,0.006275830399510179
VYK2HS4YHAKPESNM3SDNZSH4623AOX3JTSB6DJLS4WQAH2AWBFKGPODPTQ,node,110975049747,58,0.008878003979794888
77YOKHWKK7FHEAULULKCZV23TIUFZQCT25RLDTXUXSZGCRDLS7WGDBQ75Q,node,88014694627,46,0.007041175570182153
YN3K4TCNIK6LKXHNLFQNXMMQ7ELPKATNXOZYRZNT5IQRMUL5BSQFAOH5OA,node,93754783407,49,0.007500382672585336
TZGYXZ6OG5AEF7DH5DFH2A65RH3CVUNOJN36D27MJ5YWV6ZC67DX4HDCIM,node,76534517067,40,0.006122761365375784
63VHG2ME45CQC6GSX3GQ2RGWJWYR4FOBPBHNIOS5TYNNTTXCHK2XRJ2DY4,node,101408235114,53,0.008112658809122915
ZO52BIFNYABVSAFI75UZYTDTNX24XB52NTAKTOBEPQS76SQQJX6HD33J2E,node,72707791214,38,0.005816623297106995
UQXYGA6ULSAGYR5JJ7BMXYDU7RNGAEHXM2QSHDQGNNPIZ7MJZ3HLKVJ4KU,node,86101331701,45,0.006888106536047757
TJUVSNRBDTF2DDAWQDNLE5B4J2KUA7QQOEWSBFT5OGVPFZX5C25WWG4D3I,node,49747436094,26,0.0039797948874942595
4MD2KSGCSMXMUF6PKDZTYYQJ2M6GI2IMHSELVOGDAKJNXA4DCUBLL77OUU,node,74621154141,39,0.00596969233124139
EX42AQ6AU5ZX6EUDSP6CMKBOPOM4EXUJPDURGADOPT6VQKPSG5Z2JVVOQY,node,68881065360,36,0.005510485228838206
O7RPYIZ6M4R22TKINZSUZTT2MUJU2SA7FGQCZQ4CXCTU65BG6FCVG6FUPM,node,80361242921,42,0.0064288994336445734
SL7FKCMPOY2SBWHWANY37X26FQZJW67U7ZC2ZA5UK7GAZIXPB3UX6ED2PE,node,76534517067,40,0.006122761365375784
3RJFAVHRJFQMA6L5O42KFJDFAWBRCIRON4OBXXW3EECCOFXLGHSU56W3SU,node,65054339507,34,0.005204347160569417
6UGKB7P6ZX6JEARQHCPZPEERODXDOGUHMXQCOAU6MA3WN4JSZQ5EDUCV4Q,node,49747436094,26,0.0039797948874942595
4GABP64LRW5XTM3ONCDETM64SRHJ3WDTXLX3TOE4KVPMX6CEX4BR44TSJY,node,66967702434,35,0.0053574161947038115
GBVTLLYJC73DDU3XMBWMSZM6UIXWJYUFHAMUT2VNEIKJGJTKGN6FOQCJWU,node,53574161947,28,0.0042859329557630495
2YO73K3PEZGVF724PFG6OKVH2KX2JGWNNC52J6RPOOH6SNEAXIXYRJ2ORY,node,28700443900,15,0.0022960355120159193
B573LVAJXPSNQDGIJKNAUMA4PM6UEZRIB7JWACGGPRK6WIGUFKGI27WY7M,node,72707791214,38,0.005816623297106995
SKYNETHBDDJCJ2G32U3RKCDIT7PJRURYIHTF7R5GRKF5MOESBBTZOT75NQ,node,78447879994,41,0.006275830399510179
N4KEY77NCU27TVNHFX5CEESMSJLZL67SCQBSIKNJQRFYMKKCIWXOCNHQHY,node,21046992193,11,0.0016837593754783406
FMZOL7NMTIAIEQBNRMWQD5FSK7A6MDVCIPMXLFJ6DN3TC3NXF4ZPAYSI4I,node,36353895607,19,0.0029083116485534976
DCB3QC2V5KA3AAYGHXNV7E32J4UDP5Z7HVQTBCRYWYTKOUUD7PO5UJVZ5E,node,44007347314,23,0.0035205877850910763
RD3DLSSKHHLUPP6YLID6HHDNINMVVNADTIPSA6SH3Z67DHLCKBOPZJMIQE,node,28700443900,15,0.0022960355120159193
37WPS6HRJQJGGWKWXW64LOASFCLHWSCGPAOGII3FC5GB65WAYIV4NIJL64,node,24873718047,13,0.0019898974437471298
UFKUN4LKYDKH4GSKTNUYSWK2ZQ7VH6K7WSSKAXESQZMCR6S5A3BHYCKZQM,node,30613806827,16,0.002449104546150314
G6LPPXMK5DQ3O3SUJH5Y7OPG52ULOD44NBP62V5IUOT3KPG53PYAX6A2H4,node,36353895607,19,0.0029083116485534976
NOOBCIJETEMWKOKEHA6M25KJFHIZDHAKSLWHKQEL7BUJ573E6FY33JDU2A,node,38267258534,20,0.003061380682687892
H4Y2NDJELPWL5KO7VYPCPGRP4P7UWXTNOKNPXMX6HAUXBJHV5ZDC4JIHNE,node,32527169754,17,0.0026021735802847085
7CG3ZQ26ZJHOYHJJYUFB77ZMMGP5GRRCTLRLEY6IWGENYGX32JXQMGUSKE,node,26787080974,14,0.0021429664778815248
LVIQ6YM6OPAVA77AZNLAXVDX566QDJKRKIEIBXIHDCRK7LSJC3HIGBGHQA,node,11480177560,6,0.0009184142048063677
YEI2LF6D6MAJOJ3QHRFEWG4Q2IZVI7AIPPW44P2YPOFEIUOGGALZCTGEIY,node,15306903413,8,0.001224552273075157
TX3YK7JVETVYV6MVHTVD6QOKQIVCT3U7PJFD2OPYYRDLKVIXVKHTI5G54A,node,22960355120,12,0.0018368284096127354
ELMDY3QPR4T7ZN7RJMKKWNNWVVRU2OMDCJY3YSCLTLOVVNPSTZFRTWAJRE,node,30613806827,16,0.002449104546150314
L6DVTZ23OXM36WUQ3DID7JFS65YVQTFBF667XQQAHY5U3LIZCGIGKKNMGU,node,15306903413,8,0.001224552273075157
VMMV4O5KEGGS7WVM74GPNHFM5B5YS6JZKJWFAKCHNY3Q3FEYBBSIMF5FWU,node,21046992193,11,0.0016837593754783406
Q6AK4J46UDJYCUDNFUTTB73IIWKGDCBUEXKO2UQUI257BIOBUTS3J2BM5I,node,17220266340,9,0.0013776213072095515
XTAC5MW7A3DJHYM3E4GLE5TGSG2NVMXNDCDRZD5TB6CFWDHNJ26YNBPDZQ,node,13393540487,7,0.0010714832389407624
ZKW6PTTHQMDNGNXCH3GQ464XP6NW7OTW4SR2VREFETBGI7TASIG24HSF3I,node,26787080974,14,0.0021429664778815248
KUNLFEIZM4DIQALHP47XCQIFBMNUFXK2QJOAKQR5H22I4BRKIH7UTBXADE,node,22960355120,12,0.0018368284096127354
7Q6L2XXDE3PF5XO4YVVGTDOCDNBNKVQ73I3UUZ7AVPD35UIQBE6EN2W5DU,node,7653451707,4,0.0006122761365375785
2OX2UN54GZLNNSCQ6JF2HZBZX675JKDOXWY4GCT2ACP7PSTU6JIISXXFSU,node,9566814633,5,0.000765345170671973
OUGIJ4EEKCI5ZVHTJ5IXO6DDB7PLENENHUKDKPWDNYTMUZYUJOYB57JORI,node,9566814633,5,0.000765345170671973
EM6YOBT4UOMEGWZO74OLOSA55V6EH6DUQSCAJA6FNMQ5IS5U3GZXBUR2OI,node,13393540487,7,0.0010714832389407624
VZK3VTY767AKITXFYKANANWQPEI4BQBRW43XRMTKPYHCVORAZAD5LJJEKM,node,22960355120,12,0.0018368284096127354
6LXSH3M7ORCKFU6EASJKZ5BEOKGLPA3W5FVMR3MOZBQT5ASJXHDWX5BPE4,node,17220266340,9,0.0013776213072095515
HJLIXLSIJWKBMYX37YPXDA6KLPXDXJHC633CU6KZX5ZBOSOF4LKTBMBHFI,node,22960355120,12,0.0018368284096127354
D4VYJWR6NVNYYDU45Z3X7BNNTV66D2LVRQ5ZPCDMGVKUAAJA3TN4IQOQ4U,node,24873718047,13,0.0019898974437471298
3ZJJ56GQ7WKIGFTCMZQ6RSQMI5CO3UQMDDUUT6C7HAXKX3W4NPVAER3FIY,node,13393540487,7,0.0010714832389407624
PU7OZ2ML6ELO3LENDUFD6V35XRPZ72INDUIDD65C6KDVU5S6WUN7COMC3A,node,9566814633,5,0.000765345170671973
AGTEZRQMACMVQBVLXFTNVY5SSWQ4WBUEV4VJKEYIXRAVFODXCKLY74ZOQE,node,9566814633,5,0.000765345170671973
DHRHWRHFGTZPC7E3O7OIBI5TWUWV6ZGSMEBIEKKQQBACHBZYV5VJDLSTN4,node,11480177560,6,0.0009184142048063677
WKU6ISGGC3WCQBMDBRYN3CXAM46H4PQ3YCXP3RLTFYWHWDXFG4N7XNDSGY,node,7653451707,4,0.0006122761365375785
SNEV5QYQWGCMIHGVZPCC3FNJVIGNPYDYO5JZOVOUNG7M4ZXJSEVLBRMQQM,node,7653451707,4,0.0006122761365375785
5UD66TOXYWBUGTF3RECYHS723QC7NMHGAXBAVFWTZPIEBTDNHOLGTCHWFI,node,7653451707,4,0.0006122761365375785
MBBDIPQQI5HJRFRHZ6AXPVVEPNDQZQXAFCYIZTRVWISERYRMPZ4NSPX5R4,node,17220266340,9,0.0013776213072095515
DRQSIY4BYECUSRVGNGWQA7CKM2V632ZIQA263DMTWUYL62B5ENBUOCCQ7E,node,22960355120,12,0.0018368284096127354
MGA2IR3C56NSO7XWKEEPEZWFQO2WEF6OK24LF2LZQD2Z4EJEF4YVUD46SM,node,15306903413,8,0.001224552273075157
D7K2FTFVPOZUKOHRCNVOB2DCT32SVM224BQXW6GUBFZSTCHUTVZCJ6CGMQ,node,9566814633,5,0.000765345170671973
FFX2QWUU7B4XNLFKV7UHRNMTYF43D2BGTZUBOV5MSISSYS6ENWBSWJ5A24,node,5740088780,3,0.00045920710240318386
REH5VX6LVS22T2ZIR6ZAWOR2X2ZLWJVG3TISA5P3PUDL2PTZRGVBAR7YSE,node,7653451707,4,0.0006122761365375785
ZU267GRO4ROKJS6K2RYHYEFKUVJJZ64MWIWSUGOLDF7N6C52OECFDAKN2Y,node,13393540487,7,0.0010714832389407624
AW33EN3JYYCLMDJVDMMRLZCDETCVXUJBVJW5EHUNGXQW4RMZWWXKDBKKSQ,node,17220266340,9,0.0013776213072095515
UPOHVNJVID64ASF5NNDVP7AD6NS4AIO7IVLABAGOIPRRNZXGPLMTAFOYMI,node,19133629267,10,0.001530690341343946
45LFMHUEJ4VOUSYARMLWF5OMVCRDWYIOGUPUO4DB6HK2CKPIOX2HCQSIUU,node,21046992193,11,0.0016837593754783406
MC75APUKC4IXFP3B62PJAYGOYFTK7RBM5DD7SABLKTBMPTJLLKWWOFLLXM,node,9566814633,5,0.000765345170671973
X5X5DSLBCTL42YSNDYQH3PCIIUYOEQSXRYBOH7L6NK32WWCLUYQEP53B7E,node,17220266340,9,0.0013776213072095515
7PFIOEFDGZKKAIZCTQKN6ATYN5T5ZJJXSTYA2Q62DMQMTG46MMC2Y2MTAI,node,11480177560,6,0.0009184142048063677
3ENZ5UAFXUENSBQ6VEBDJGDLGQMSRH7KJUBZAQBPAYCIXZ6M5UEXIKB6NE,node,11480177560,6,0.0009184142048063677
IITEWKELRQFB6VCIH4RQ6J6WEMSLPLWP4QZIB4FLJOFQ66PFP2QQ3SZNPI,node,15306903413,8,0.001224552273075157
ESZW5SHXRYK4AZFX45EBE6T5SGDIS5HVZAHURS4ZGQUVJYR77IAWFJ63EM,node,5740088780,3,0.00045920710240318386
7TRSTDOU5WCQ3JNPL7WX25G67MHPVOVG2K6LONLJFNLOUGSL2CLYBPJVR4,node,9566814633,5,0.000765345170671973
I5TNYQUKY3I3O2GZPVWJ3VPUQ2EX3JOMQXXYWW5JFIEPISWKWLM5CVQQLY,node,26787080974,14,0.0021429664778815248
UCLIHGXKSALDYMWLAEKLKJXTXF6QYDRI2AWL7NJYTZD54YV27BFSWNRFMA,node,17220266340,9,0.0013776213072095515
IN55A64JOE6PZELLU5LNHH5PM5FQ6QINJA3FHYG3C7NQ7FWCQUT7G4WNPM,node,5740088780,3,0.00045920710240318386
DUJVPL4TKRAHMIS6G7REUYLSBE3IB3XGWB3UZRUNJKAMKM7CJUDAPUBSII,node,13393540487,7,0.0010714832389407624
X6RULNCHG76HAHHOIMOVX5VO2VSGHEUEWKAQCJNVCKLDJZ5F5EK57YCDEY,node,21046992193,11,0.0016837593754783406
G7YV23APCBLYTMCN55E3P7WWT2MKMYJQYLB6HNLOCJDHM67WF25ZYIGU6E,node,13393540487,7,0.0010714832389407624
WNTVB2C764J5DLI7GIYZXTET5Q3C7KVLN7OVP5JXJ6DBBLQUBBSR5A52K4,node,24873718047,13,0.0019898974437471298
T5MNVAAN26QZUHME7CXW3MG4QK5DV6CZBDUAXIHUKSCGP5775PSNDHFJYY,node,13393540487,7,0.0010714832389407624
NBTWVFMEGRYYIAAX2BT3BENWSQ7XSGF6U2Y5VWTDXQXMPG6SF2ZJUGZPPE,node,15306903413,8,0.001224552273075157
KCBKXMOAYSUFPBQUYTGJTIGCYIFXZC2FQDZ3HRXUZNHRUDQDBKWYP5Z4OM,node,19133629267,10,0.001530690341343946
QR36VBICMIJC2HFQP4T33NOLECGMV6FNVIHCDOTA64PUVR5FCICYZQEHYM,node,11480177560,6,0.0009184142048063677
YY24MJHFGMNWCN2GVCXUY6AGHSOFBZ2N2S2YKQIBN23P2ATKEWZLLWXDMM,node,15306903413,8,0.001224552273075157
GXKM7N3MNASW2VX4I3JDJ5WWI5YEVVGM6VBCB3KCEWNEBTOYQZPYWUZERI,node,13393540487,7,0.0010714832389407624
A6PXH3DQOCJ2YIHV6UXNTVJLWSDVWQASYM7AVMMT36IQLKZ2JBOAK2I3Y4,node,13393540487,7,0.0010714832389407624
TNTSFV2C6ZI3JY2GIFHF2OAA2BXSIJBGECENJV5DNLJTXME2K33VKHGWSA,node,7653451707,4,0.0006122761365375785
HXQEYFESYI5V25O2WZWJGXELTGTW35KGVOW5H33WEYGZRWCF6OSOI5EDLM,node,11480177560,6,0.0009184142048063677
MSBBB3E6NG3F4A34NULS3XL47NYC55XXRNIFOXIF5NFIEUCDEISEIPAASQ,node,9566814633,5,0.000765345170671973
ICV3S3BLZRPGE3LMJARV3AH7JQD23EXPHVZIOCXWHQKILNG5RPPHPWBMLU,node,3826725853,2,0.00030613806826878924
GWARQ5CANHEBHDBIWBQ7YIEGMHJ6VYW57WUETNBMWEBKC3724HMH6IICI4,node,1913362927,1,0.00015306903413439462
R67DR73V3XD6LRROPZTXIGEVK3PDUIVXOK2SQNLVJYISCY6SBLVGPRTBW4,node,3826725853,2,0.00030613806826878924
RZEWMEZRILPNDSOSWHAY57SHCVQ57NCFZAO7GVGABZHRZ5XPJ2WD2UBZW4,node,7653451707,4,0.0006122761365375785
RAYXZ54BJIFVLCARBGOJ64ZRM3NJ3GOYVSZHRMYAZXNM6F2L4VS6R573EE,node,5740088780,3,0.00045920710240318386
3WQOUP67VJY6JRZ4X66WS6NZ53XS7U5A5NTQMNRGM7B4XTWHICLEZTWYSU,node,5740088780,3,0.00045920710240318386
H5L27BNIEC6HBCDYL2CZC73B4XOUUIIHCVHA7BY4O2ANXZESGTOXGB2XEY,node,3826725853,2,0.00030613806826878924
HD4OXLRTBFF5NAWEYDG6HVTHTCFWE3NILIESJC3XHLDQYHWJN5KCO4BMQE,node,3826725853,2,0.00030613806826878924
DBHL5OT7R7ATJK336BLU2QT3DZIU5D333NJT77PVN3KIIUES5SDR3ZAQMQ,node,1913362927,1,0.00015306903413439462
CTW5TERGQ3R75WEKZH225MTTXNPX7RNT7YQPO5M4NZZ5RW4SKHS7LIH5HE,node,1913362927,1,0.00015306903413439462
CLVW2RMMU5ITN3WT465P7TZPOJIENUAAESFXFYYT7GIO4MAI6UOJ7DY43A,node,1913362927,1,0.00015306903413439462
6T4DBKTOVW57RNTH32N3AS6NOCOBZI232FRE4GHYWTKLER57BTDUM6FREI,node,1913362927,1,0.00015306903413439462
CQ3I6XHY6BJIKGIIW5TQ4QTOL2ZRFWYBPA4OMEN7JJUCF55ANJYEYQAY2U,node,3826725853,2,0.00030613806826878924
5LSITMKAKHKO3LG5HPJTF5OXYYCYVBNTISAHPSFXLKI34QYJZKA4EHXEDQ,node,1913362927,1,0.00015306903413439462
XK2MA64GERBIWYAF5LEQN3DXKKKEAFPJSJYUU72EXQB52ALUPGGDY45OZI,node,1913362927,1,0.00015306903413439462
